artist_name,popularity_score
Bad Bunny,100
JHAYCO,82
24kGoldn,68
iann dior,68
The Weeknd,94
Ariana Grande,91
KAROL G,88
Justin Bieber,92
Internet Money,66
Gunna,86
Don Toliver,91
NAV,71
BTS,97
ROSALÍA,83
CJ,15
The Kid LAROI,80
Billie Eilish,91
Dua Lipa,87
DaBaby,80
Pop Smoke,76
Shawn Mendes,82
Harry Styles,91
Ed Sheeran,88
Lil Nas X,73
Maluma,86
Taylor Swift,97
Tate McRae,88
Joel Corry,67
MNEK,68
Cardi B,81
Megan Thee Stallion,79
benny blanco,74
Boza,71
Roddy Ricch,76
SZA,88
Sia,84
SAINt JHN,67
Imanbek,67
Miley Cyrus,83
Tones And I,72
Lewis Capaldi,78
Tiësto,81
Rauw Alejandro,89
Anuel AA,89
Myke Towers,86
Juhn,73
Lil Baby,86
Manuel Turizo,82
Sebastian Yatra,78
Guaynaa,63
HVME,58
Sech,79
Daddy Yankee,88
J Balvin,89
Farruko,84
The Neighbourhood,85
Conan Gray,80
Camilo,78
El Alfa,79
MEDUZA,71
Dermot Kennedy,73
Olivia Rodrigo,86
Doja Cat,86
Juice WRLD,87
Young Thug,84
Black Eyed Peas,83
Shakira,88
Sabrina Carpenter,90
Selena Gomez,82
Glass Animals,76
Masked Wolf,61
Travis Scott,90
Lil Tjay,76
6LACK,72
Kali Uchis,84
GIVĒON,79
Rochy RD,61
Nicki Nicole,73
Nathan Evans,66
220 KID,53
ATB,64
Topic,73
A7S,64
Duncan Laurence,65
Drake,97
Bruno Mars,95
Anderson .Paak,77
Silk Sonic,73
Rick Ross,78
Riton,65
Nightcrawlers,66
Mufasa & Hypeman,24
Mufasa,24
Dopamine,46
ROSÉ,78
Daniel Caesar,86
Khalid,83
Chance the Rapper,75
Los Legendarios,50
Wisin,82
Maroon 5,87
Demi Lovato,79
Saweetie,66
Polo G,77
AURORA,74
Young Stoner Life,64
Nio Garcia,69
Flow La Movie,52
Mariah Angeliq,60
Gera MX,76
Christian Nodal,79
RAYE,86
David Guetta,89
DJ Khaled,75
Post Malone,87
Tion Wayne,63
Russ Millions,60
ArrDee,60
E1 (3x3),49
ZT (3x3),47
Bugzy Malone,59
Buni,64
Fivio Foreign,63
Darkoo,60
Trippie Redd,80
Playboi Carti,86
J. Cole,87
Coldplay,89
21 Savage,85
Morray,60
Bas,100
Bella Poarch,60
Måneskin,78
Mr. Naisgai,56
Majestic,64
Boney M.,73
TINI,78
Maria Becerra,78
Lorde,80
Migos,76
Trinidad Cardona,62
Tyler,86
The Creator,86
YoungBoy Never Broke Again,86
Ty Dolla $ign,83
Nicky Jam,83
Crissin,50
Totoy El Frio,16
Natan & Shander,29
Lil Uzi Vert,85
Pharrell Williams,81
42 Dugg,71
Bizarrap,80
Galantis,69
Little Mix,73
Mora,79
Jack Harlow,79
Camila Cabello,80
Stunna Gambino,49
Tiago PZK,74
LIT killah,69
Aventura,80
Sleepy Hallow,71
Marc Seguí,69
Pol Granch,68
Shouse,65
Lizzo,69
Ingratax,51
Tainy,80
Skrillex,77
Kanye West,94
Baby Keem,79
Kendrick Lamar,90
Future,90
Project Pat,67
Lil Durk,80
JAŸ-Z,84
Kid Cudi,80
Tems,83
Yebba,73
Lil Wayne,88
LISA,75
Elton John,83
PNAU,71
Oliver Tree,69
THE ANXIETY,59
WILLOW,72
Tyler Cole,59
CKay,69
Dj Yo!,64
AX'EL,64
Lost Frequencies,77
Calum Scott,73
Jax Jones,69
Charli xcx,85
Julieta Venegas,75
Adele,85
Evaluna Montaner,62
Swedish House Mafia,77
NEIKED,61
Mae Muller,55
DJ Snake,81
Ozuna,88
Rvssian,73
Chris Brown,88
The Walters,69
BoyWithUke,70
Amaarae,64
MOLIY,72
Imagine Dragons,86
JID,75
Arcane,76
League of Legends,76
Phoebe Bridgers,77
ACRAZE,60
Cherish,60
Chris Stapleton,83
GAYLE,60
Mariah Carey,79
Wham!,67
Michael Bublé,73
Bobby Helms,50
Brenda Lee,57
Andy Williams,57
zzoilo,59
Aitana,76
José Feliciano,62
Kelly Clarkson,74
The Ronettes,67
SUGA,74
Jaymes Young,66
Chris Rea,63
Frank Sinatra,77
B. Swanson Quartet,42
Bing Crosby,59
Ken Darby Singers,42
John Scott Trotter & His Orchestra,43
Dean Martin,68
John Lennon,71
Yoko Ono,52
Paul McCartney,72
Shakin' Stevens,52
Band Aid,43
Burl Ives,47
Nat King Cole,68
Carolina Gaitán - La Gaita,57
Mauro Castillo,57
Adassa,57
Rhenzy Feliz,56
Diane Guerrero,58
Stephanie Beatriz,69
Encanto - Cast,60
Xamã,71
Gustah,53
Neo Beats,65
Bagua Records,64
Ava Max,78
Lauren Spencer Smith,68
Jessica Darrow,54
Chencho Corleone,78
The Game,72
Charlie Puth,82
Kodak Black,82
Blessd,83
Justin Quiles,79
Lenny Tavárez,79
Yung Lean,67
Mahmood,59
BLANCO,67
Nicki Minaj,85
Jung Kook,81
Becky G,77
Dove Cameron,71
Dr. Dre,80
Snoop Dogg,83
Eminem,90
Elley Duhé,71
Ruth B.,71
PEDRO SAMPAIO,77
Mc Pedrinho,65
Labrinth,75
Zendaya,69
Frank Ocean,86
Residente,61
Cris MJ,82
Tom Odell,77
Nirvana,83
Anitta,77
Tulus,75
Dave,83
Stray Kids,86
Paulo Londra,76
Davi Kneip,49
Mc Frog,51
Dj Gabriel do Borel,56
Luísa Sonza,73
Danny Ocean,81
Ryan Castro,82
Jimin,78
HA SUNG WOON,51
PSY,47
Bomba Estéreo,71
Tony Dize,73
Buscabulla,62
The Marías,84
Blxst,65
Amanda Reifer,56
Sampha,63
Taylour Paige,42
Summer Walker,77
Ghostface Killah,63
Sam Dew,57
Kate Bush,74
XXXTENTACION,84
Calvin Harris,87
Stephen Sanchez,73
Polimá Westcoast,62
Pailita,63
Joji,82
Beyoncé,85
OneRepublic,82
Feid,87
Paloma Mami,65
De La Ghetto,78
Nicky Youre,64
hey daisy,63
j-hope,77
Metallica,84
Quevedo,82
Steve Lacy,79
Villano Antillano,65
James Hype,71
Miggy Dela Rosa,60
Central Cee,81
Duki,79
Pritam,88
Arijit Singh,91
Amitabh Bhattacharya,82
Rosa Linn,64
BEAM,60
Rels B,81
BLACKPINK,83
Luar La L,77
Britney Spears,83
Bebe Rexha,79
Maldy,59
Ghost,73
IVE,76
Lyanno,72
Brray,70
Arctic Monkeys,86
d4vd,77
Rema,79
Sam Smith,82
Kim Petras,70
Coolio,70
L.V.,69
Pablito Pesadilla,47
Nickoog Clk,60
Fran C,45
Grupo Frontera,84
Gesaffelstein,71
Robin Schulz,78
Lil Yachty,77
Marshmello,81
Baby Rasta,66
Lana Del Rey,90
JVKE,77
Rihanna,93
Jin,76
Meghan Trainor,75
FIFA Sound,61
Metro Boomin,85
Arcángel,85
Lady Gaga,89
RM,72
Youjeen,61
Young Nudy,68
Em Beihold,69
070 Shake,70
Ñengo Flow,84
Darlene Love,48
NewJeans,78
King,77
Daft Punk,82
Miguel,81
Fuerza Regida,91
Yandel,79
TAEYANG,64
Carín León,84
Marília Mendonça,79
Natanael Cano,84
Peso Pluma,92
Gabito Ballesteros,79
Romeo Santos,86
Morgan Wallen,89
Léo Santana,70
PinkPantheress,84
Ice Spice,73
Coi Leray,68
Linkin Park,90
Lazza,71
Niall Horan,74
Gorillaz,85
Superstar Pride,47
Ovy On The Drums,82
Lizzy McAlpine,76
LiL CaKe,49
Migrantes,62
Nico Valdi,61
AgroPlay,68
Ana Castela,78
Cartel De Santa,79
La Kelly,56
Eslabon Armado,76
Eladio Carrion,80
Milo j,84
Taiu,67
Oscar Maydon,82
Junior H,90
Yng Lvcas,69
FIFTY FIFTY,65
JISOO,68
Agust D,74
IU,68
Young Miko,76
Chino Pacas,76
David Kushner,71
Libianca,61
Loreen,67
Käärijä,57
Yahritza Y Su Esencia,71
NLE Choppa,75
Muni Long,66
Fast & Furious: The Fast Saga,42
Madonna,81
Swae Lee,79
A Boogie Wit da Hoodie,79
Offset,78
Emilia,74
Rusherking,64
Big One,65
FMK,64
A$AP Rocky,86
Roisee,62
DENNIS,53
MC Kevin o Chris,69
Sky Rompiendo,69
J Hus,67
Aqua,65
Anne-Marie,76
Hayley Williams,71
Fall Out Boy,80
Latto,77
Troye Sivan,74
Rob49,62
Teezo Touchdown,66
James Blake,72
Westside Gunn,67
Peggy Gou,64
V,64
Oliver Anthony Music,61
Jasleen Royal,69
Dulquer Salmaan,57
Zach Bryan,88
Kacey Musgraves,75
cassö,65
D-Block Europe,73
Calle 24,78
Kenya Grace,62
Anirudh Ravichander,84
Shilpa Rao,74
Kumaar,76
Íñigo Quintero,64
Mitski,81
Tyla,79
Yeat,84
Sexyy Red,75
Bryant Myers,81
YOVNGCHIMI,71
Darell,77
The Beatles,85
Lord Huron,76
Noah Kahan,86
Grupo Firme,82
Major Lazer,76
JENNIE,85
Lily-Rose Depp,73
Manan Bhardwaj,63
Bhupinder Babbal,51
Baby Tate,62
Vishal Mishra,77
Raj Shekhar,69
Xavi,66
ATL Jacob,67
Perry Como,57
The Fontane Sisters,41
Mitchell Ayres & His Orchestra,47
Elvis Presley,78
Eartha Kitt,50
Henri René and His Orchestra,39
The Beach Boys,72
Vance Joy,76
Teddy Swims,84
Sophie Ellis-Bextor,66
Benson Boone,83
Flo Milli,71
Natasha Bedingfield,74
Oscar Ortiz,60
Edgardo Nuñez,73
YG Marley,59
¥$,71
Geolier,77
Michelangelo,39
Djo,82
FloyyMenor,77
Beat Record,39
Bryson Tiller,79
Rich Amiri,66
Nonna,48
Michael Marcagi,66
Zeynep Bastık,62
Hozier,83
Artemas,76
ILLIT,77
Tito Double P,90
Joel De La P,61
Dasha,67
Mark Ambor,67
Richy Mitch & The Coal Miners,68
Jaxomy,58
Agatino Romero,57
Raffaella Carrà,60
Lay Bankz,61
Florence + The Machine,79
Shaboozey,76
Ayra Starr,75
Tommy Richman,69
Chappell Roan,81
Joost,66
Nemo,48
Luis R Conriquez,82
Neton Vega,85
Myles Smith,76
DJ TOPO,65
Seu Jorge,67
Mc Leozin,71
MC G15,65
aespa,76
Trueno,76
Blake Shelton,71
Gracie Abrams,83
Loco,22
Quavo,78
Adam Port,72
Stryv,68
Keinemusik,72
Orso,40
Malachiii,69
Sevdaliza,68
Pabllo Vittar,68
Yseult,63
White Gold,52
Big Sean,76
BabyTron,64
Yuki Chiba,61
*NSYNC,70
The Goo Goo Dolls,78
Luke Combs,87
Hanumankind,71
Kalmi,61
Jordan Adetunji,62
Kapo,81
Maisak,64
Bernadya,68
Gigi Perez,77
LOUKI,57
Omar Courtz,88
De La Rose,79
Ndotz,63
Addison Rae,76
One Direction,84
GloRilla,76
MC Tuto,79
DJ Glenner,70
ScHoolboy Q,74
Santigold,67
Lola Young,76
DFZM,68
Lefty Gunplay,67
Stromae,74
Pomme,66
Dody6,53
Wallie the Sensei,54
Siete7x,51
AZ Chike,61
Hitta J3,51
YoungThreat,46
Peysoh,56
Park Hyo Shin,66
John Williams,71
Laufey,83
Chuck Berry,65
Pentatonix,63
Bruce Springsteen,77
yung kai,68
The Police,79
Oruam,76
Zé Felipe,71
Dj Lc da Roça,54
Mc Rodrigo do CN,77
MC K9,55
mc pl alves,65
Dei V,80
RaiNao,67
Chuwi,68
Los Pleneros de la Cresta,68
Alleh,74
Yorghaki,73
Doechii,78
Justice,67
Dominic Fike,85
Alemán,78
Jay Rock,70
Olly,72
Juli,59
Speedy,32
Alex Warren,86
W Sound,74
Beéle,86
Jhené Aiko,78
Skepta,76
Lil Tecca,79
WizTheMc,72
bees & honey,42
sombr,86
NIKI,85
Jombriel,68
Jøtta,66
Cup of Joe,75
ATLXS,73
Ravyn Lenae,77
Fourtwnty,68
Charita Utami,64
Clave Especial,74
KATSEYE,83
Silent Addy,65
Skillibeng,69
Shenseea,70
Jelly Roll,79
F1 The Album,74
HUNTR/X,82
EJAE,82
AUDREY NUNA,81
REI AMI,82
KPop Demon Hunters Cast,84
Saja Boys,73
Andrew Choi,75
Neckwav,73
Danny Chung,73
KEVIN WOO,73
samUIL Lee,73
Rumi,66
Jinu,66
Los Dareyes De La Sierra,77
Fleetwood Mac,85
Tanishk Bagchi,78
Faheem Abdullah,75
Arslan Nizami,67
Irshad Kamil,84
Black Sabbath,76
Disco Lines,75
Tinashe,77
Radiohead,86
Olivia Dean,92
Young Cister,72
Kreamly,69
Aditya Rikhari,74
Easykid,68
Dysbit,63
De La Soul,74
ZAYN,77
Tame Impala,87
DJ Japa NK,82
MC Meno K,84
MC Ryan SP,84
Mc Jacaré,77
DJ DAVI DOGDOG,75
LE SSERAFIM,79
Björk,70
Yves Tumor,66
El Bogueto,79
Yung Beef,77
Michael Jackson,87
BLOK3,75
Idgitaf,72
Eagles,77
The Pogues,59
Kirsty MacColl,48
The Andrews Sisters,53
Queen,84
Zara Larsson,87
She & Him,46
EsDeeKid,82
Rico Ace,76
Wizkid,82
Kyla,50
SIENNA SPIRO,80
Prince,76
Gangsta,63
Nadhif Basalamah,77
